{"message": "success", "result": {"sessions": [{"movie": {"id": 9453, "name_rus": "\u042d\u043d\u043a\u0430\u043d\u0442\u043e", "name_origin": "Encanto", "presentation": "\u0424\u0418\u041b\u042c\u041c \u041c\u041e\u0416\u0415\u0422 \u0414\u0415\u041c\u041e\u041d\u0421\u0422\u0420\u0418\u0420\u041e\u0412\u0410\u0422\u042c\u0421\u042f \u041d\u0410 \u0420\u0410\u0417\u041d\u042b\u0425 \u042f\u0417\u042b\u041a\u0410\u0425, \u0421\u041c\u041e\u0422\u0420\u0418\u0422\u0415 \u041e\u0411\u041e\u0417\u041d\u0410\u0427\u0415\u041d\u0418\u0415 \u0412 \u042f\u0417\u042b\u041a\u041e\u0412\u041e\u041c \u0421\u0422\u041e\u041b\u0411\u0426\u0415 \u0418 \u0423\u0422\u041e\u0427\u041d\u042f\u0419\u0422\u0415 \u0412 \u041a\u0418\u041d\u041e\u0422\u0415\u0410\u0422\u0420\u0415! \u0423\u0434\u0438\u0432\u0438\u0442\u0435\u043b\u044c\u043d\u0430\u044f \u0441\u0435\u043c\u044c\u044f \u041c\u0430\u0434\u0440\u0438\u0433\u0430\u043b\u043e\u0432 \u0436\u0438\u0432\u0435\u0442 \u0432 \u0441\u043f\u0440\u044f\u0442\u0430\u043d\u043d\u043e\u043c \u0432 \u0433\u043e\u0440\u0430\u0445 \u041a\u043e\u043b\u0443\u043c\u0431\u0438\u0438 \u0432\u043e\u043b\u0448\u0435\u0431\u043d\u043e\u043c \u0434\u043e\u043c\u0435, \u0440\u0430\u0441\u043f\u043e\u043b\u043e\u0436\u0435\u043d\u043d\u043e\u043c \u0432 \u0447\u0443\u0434\u0435\u0441\u043d\u043e\u043c \u0438 \u043e\u0447\u0430\u0440\u043e\u0432\u0430\u0442\u0435\u043b\u044c\u043d\u043e\u043c \u0443\u0433\u043e\u043b\u043a\u0435 \u043f\u043e\u0434 \u043d\u0430\u0437\u0432\u0430\u043d\u0438\u0435\u043c \u042d\u043d\u043a\u0430\u043d\u0442\u043e. \u041a\u0430\u0436\u0434\u043e\u0433\u043e \u0440\u0435\u0431\u0451\u043d\u043a\u0430 \u0432 \u0441\u0435\u043c\u044c\u0435 \u041c\u0430\u0434\u0440\u0438\u0433\u0430\u043b\u043e\u0432 \u043c\u0430\u0433\u0438\u044f \u044d\u0442\u043e\u0433\u043e \u043c\u0435\u0441\u0442\u0430 \u0431\u043b\u0430\u0433\u043e\u0441\u043b\u043e\u0432\u0438\u043b\u0430 \u0443\u043d\u0438\u043a\u0430\u043b\u044c\u043d\u044b\u043c \u0434\u0430\u0440\u043e\u043c...", "rating": 8.22, "rating_state": true, "age_restriction": 6, "genre": "", "small_poster": "https://cdn.kino.kz/movies/Encanto/p168x242.jpg", "genres": null, "posters": {"p1000x1100": "", "p258x372": "", "p1200x1730": "https://cdn.kino.kz/movies/Encanto/p1200x1730.jpg", "p1192x597": "https://cdn.kino.kz/movies/Encanto/p1192x597.jpg", "p168x242": "https://cdn.kino.kz/movies/Encanto/p168x242.jpg", "p80x116": "https://cdn.kino.kz/movies/Encanto/p80x116.jpg", "p120x172": "https://cdn.kino.kz/movies/Encanto/p120x172.jpg", "p164x236": "https://cdn.kino.kz/movies/Encanto/p164x236.jpg", "p62x88": "https://cdn.kino.kz/movies/Encanto/p62x88.jpg", "p344x489": "https://cdn.kino.kz/movies/Encanto/p344x489.jpg", "p181x91": "https://cdn.kino.kz/movies/Encanto/p181x91.jpg", "p768x385": "https://cdn.kino.kz/movies/Encanto/p768x385.jpg", "p150x75": "https://cdn.kino.kz/movies/Encanto/p150x75.jpg", "p599x300": "https://cdn.kino.kz/movies/Encanto/p599x300.jpg", "p279x157": "https://cdn.kino.kz/movies/Encanto/p279x157.jpg"}}, "items": [{"session": {"id": 1121020, "cinema_id": 172, "movie_id": 9453, "hall_id": 519, "session_type": 1, "lang_id": 1, "lang_label": "\u0440\u0443\u0441", "is_3_d": false, "is_ap": false, "adult": 1700, "child": 700, "student": 1200, "vip": 0, "session_date": "2021-12-04T00:00:00Z", "session_date_tz": "2021-12-04T17:20:00Z", "is_atmos": false, "is_reald": false, "hour": "17", "minutes": "20", "is_atmos3d": false, "is_imax": false, "is_fdx": false, "session_id": 649848, "provider_link": null, "sub_session_type": 0}, "hall": {"id": 519, "cinema_id": 172, "name": "\u0417\u0430\u043b 5", "name_parser": "5", "color": "#d600f3", "imax": false, "fdx": false, "laser": false, "state": true, "hall_order": 5, "provider_id": 6503}}, {"session": {"id": 1121023, "cinema_id": 172, "movie_id": 9453, "hall_id": 517, "session_type": 1, "lang_id": 1, "lang_label": "\u0440\u0443\u0441", "is_3_d": false, "is_ap": false, "adult": 2100, "child": 700, "student": 1400, "vip": 0, "session_date": "2021-12-04T00:00:00Z", "session_date_tz": "2021-12-04T18:20:00Z", "is_atmos": false, "is_reald": false, "hour": "18", "minutes": "20", "is_atmos3d": false, "is_imax": false, "is_fdx": false, "session_id": 649851, "provider_link": null, "sub_session_type": 0}, "hall": {"id": 517, "cinema_id": 172, "name": "\u0417\u0430\u043b 3", "name_parser": "3", "color": "#ffff20", "imax": false, "fdx": false, "laser": false, "state": true, "hall_order": 3, "provider_id": 6501}}, {"session": {"id": 1121026, "cinema_id": 172, "movie_id": 9453, "hall_id": 519, "session_type": 1, "lang_id": 1, "lang_label": "\u0440\u0443\u0441", "is_3_d": false, "is_ap": false, "adult": 2100, "child": 700, "student": 1400, "vip": 0, "session_date": "2021-12-04T00:00:00Z", "session_date_tz": "2021-12-04T19:30:00Z", "is_atmos": false, "is_reald": false, "hour": "19", "minutes": "30", "is_atmos3d": false, "is_imax": false, "is_fdx": false, "session_id": 649854, "provider_link": null, "sub_session_type": 0}, "hall": {"id": 519, "cinema_id": 172, "name": "\u0417\u0430\u043b 5", "name_parser": "5", "color": "#d600f3", "imax": false, "fdx": false, "laser": false, "state": true, "hall_order": 5, "provider_id": 6503}}, {"session": {"id": 1121030, "cinema_id": 172, "movie_id": 9453, "hall_id": 517, "session_type": 1, "lang_id": 1, "lang_label": "\u0440\u0443\u0441", "is_3_d": false, "is_ap": false, "adult": 2100, "child": 0, "student": 1400, "vip": 0, "session_date": "2021-12-04T00:00:00Z", "session_date_tz": "2021-12-04T20:30:00Z", "is_atmos": false, "is_reald": false, "hour": "20", "minutes": "30", "is_atmos3d": false, "is_imax": false, "is_fdx": false, "session_id": 649858, "provider_link": null, "sub_session_type": 0}, "hall": {"id": 517, "cinema_id": 172, "name": "\u0417\u0430\u043b 3", "name_parser": "3", "color": "#ffff20", "imax": false, "fdx": false, "laser": false, "state": true, "hall_order": 3, "provider_id": 6501}}, {"session": {"id": 1121032, "cinema_id": 172, "movie_id": 9453, "hall_id": 519, "session_type": 1, "lang_id": 1, "lang_label": "\u0440\u0443\u0441", "is_3_d": false, "is_ap": false, "adult": 2100, "child": 0, "student": 1400, "vip": 0, "session_date": "2021-12-04T00:00:00Z", "session_date_tz": "2021-12-04T21:40:00Z", "is_atmos": false, "is_reald": false, "hour": "21", "minutes": "40", "is_atmos3d": false, "is_imax": false, "is_fdx": false, "session_id": 649860, "provider_link": null, "sub_session_type": 0}, "hall": {"id": 519, "cinema_id": 172, "name": "\u0417\u0430\u043b 5", "name_parser": "5", "color": "#d600f3", "imax": false, "fdx": false, "laser": false, "state": true, "hall_order": 5, "provider_id": 6503}}]}, {"movie": {"id": 9457, "name_rus": "\u041e\u0431\u0438\u0442\u0435\u043b\u044c \u0437\u043b\u0430: \u0420\u0430\u043a\u043a\u0443\u043d-\u0421\u0438\u0442\u0438", "name_origin": "Resident Evil: Welcome to Raccoon City", "presentation": "\u0420\u0430\u043a\u043a\u0443\u043d-\u0421\u0438\u0442\u0438, \u0433\u0434\u0435 \u043a\u043e\u0433\u0434\u0430-\u0442\u043e \u0440\u0430\u0441\u043f\u043e\u043b\u0430\u0433\u0430\u043b\u0441\u044f \u0444\u0430\u0440\u043c\u0430\u0446\u0435\u0432\u0442\u0438\u0447\u0435\u0441\u043a\u0438\u0439 \u0433\u0438\u0433\u0430\u043d\u0442 Umbrella \u0438 \u0432\u043e\u0432\u0441\u044e \u0431\u0443\u0440\u043b\u0438\u043b\u0430 \u0436\u0438\u0437\u043d\u044c, \u043f\u0440\u0435\u0432\u0440\u0430\u0442\u0438\u043b\u0441\u044f \u0432 \u0433\u043e\u0440\u043e\u0434-\u043f\u0440\u0438\u0437\u0440\u0430\u043a. \u041a\u043e\u043c\u043f\u0430\u043d\u0438\u044f \u0434\u0430\u0432\u043d\u043e \u043f\u0435\u0440\u0435\u0435\u0445\u0430\u043b\u0430, \u043d\u043e \u043d\u0430 \u0435\u0435 \u043c\u0435\u0441\u0442\u0435 \u0433\u043b\u0443\u0431\u043e\u043a\u043e \u043f\u043e\u0434 \u0437\u0435\u043c\u043b\u0435\u0439 \u043d\u0430\u0431\u0438\u0440\u0430\u0435\u0442 \u0441\u0438\u043b\u0443 \u0432\u0435\u043b\u0438\u043a\u043e\u0435 \u0437\u043b\u043e...", "rating": 7.65, "rating_state": true, "age_restriction": 18, "genre": "", "small_poster": "https://cdn.kino.kz/movies/Resident_Evil__Welcome_to_Raccoon_City/p168x242.jpg", "genres": null, "posters": {"p1000x1100": "", "p258x372": "", "p1200x1730": "https://cdn.kino.kz/movies/Resident_Evil__Welcome_to_Raccoon_City/p1200x1730.jpg", "p1192x597": "https://cdn.kino.kz/movies/Resident_Evil__Welcome_to_Raccoon_City/p1192x597.jpg", "p168x242": "https://cdn.kino.kz/movies/Resident_Evil__Welcome_to_Raccoon_City/p168x242.jpg", "p80x116": "https://cdn.kino.kz/movies/Resident_Evil__Welcome_to_Raccoon_City/p80x116.jpg", "p120x172": "https://cdn.kino.kz/movies/Resident_Evil__Welcome_to_Raccoon_City/p120x172.jpg", "p164x236": "https://cdn.kino.kz/movies/Resident_Evil__Welcome_to_Raccoon_City/p164x236.jpg", "p62x88": "https://cdn.kino.kz/movies/Resident_Evil__Welcome_to_Raccoon_City/p62x88.jpg", "p344x489": "https://cdn.kino.kz/movies/Resident_Evil__Welcome_to_Raccoon_City/p344x489.jpg", "p181x91": "https://cdn.kino.kz/movies/Resident_Evil__Welcome_to_Raccoon_City/p181x91.jpg", "p768x385": "https://cdn.kino.kz/movies/Resident_Evil__Welcome_to_Raccoon_City/p768x385.jpg", "p150x75": "https://cdn.kino.kz/movies/Resident_Evil__Welcome_to_Raccoon_City/p150x75.jpg", "p599x300": "https://cdn.kino.kz/movies/Resident_Evil__Welcome_to_Raccoon_City/p599x300.jpg", "p279x157": "https://cdn.kino.kz/movies/Resident_Evil__Welcome_to_Raccoon_City/p279x157.jpg"}}, "items": [{"session": {"id": 1121021, "cinema_id": 172, "movie_id": 9457, "hall_id": 515, "session_type": 1, "lang_id": 1, "lang_label": "\u0440\u0443\u0441", "is_3_d": false, "is_ap": false, "adult": 1700, "child": 700, "student": 1200, "vip": 0, "session_date": "2021-12-04T00:00:00Z", "session_date_tz": "2021-12-04T17:30:00Z", "is_atmos": false, "is_reald": false, "hour": "17", "minutes": "30", "is_atmos3d": false, "is_imax": false, "is_fdx": false, "session_id": 649849, "provider_link": null, "sub_session_type": 0}, "hall": {"id": 515, "cinema_id": 172, "name": "\u0417\u0430\u043b 1", "name_parser": "1", "color": "#0000ff", "imax": false, "fdx": false, "laser": false, "state": true, "hall_order": 1, "provider_id": 6499}}, {"session": {"id": 1121027, "cinema_id": 172, "movie_id": 9457, "hall_id": 515, "session_type": 1, "lang_id": 1, "lang_label": "\u0440\u0443\u0441", "is_3_d": false, "is_ap": false, "adult": 2100, "child": 700, "student": 1400, "vip": 0, "session_date": "2021-12-04T00:00:00Z", "session_date_tz": "2021-12-04T19:40:00Z", "is_atmos": false, "is_reald": false, "hour": "19", "minutes": "40", "is_atmos3d": false, "is_imax": false, "is_fdx": false, "session_id": 649855, "provider_link": null, "sub_session_type": 0}, "hall": {"id": 515, "cinema_id": 172, "name": "\u0417\u0430\u043b 1", "name_parser": "1", "color": "#0000ff", "imax": false, "fdx": false, "laser": false, "state": true, "hall_order": 1, "provider_id": 6499}}, {"session": {"id": 1121033, "cinema_id": 172, "movie_id": 9457, "hall_id": 515, "session_type": 1, "lang_id": 1, "lang_label": "\u0440\u0443\u0441", "is_3_d": false, "is_ap": false, "adult": 2100, "child": 0, "student": 1400, "vip": 0, "session_date": "2021-12-04T00:00:00Z", "session_date_tz": "2021-12-04T21:50:00Z", "is_atmos": false, "is_reald": false, "hour": "21", "minutes": "50", "is_atmos3d": false, "is_imax": false, "is_fdx": false, "session_id": 649861, "provider_link": null, "sub_session_type": 0}, "hall": {"id": 515, "cinema_id": 172, "name": "\u0417\u0430\u043b 1", "name_parser": "1", "color": "#0000ff", "imax": false, "fdx": false, "laser": false, "state": true, "hall_order": 1, "provider_id": 6499}}, {"session": {"id": 1121036, "cinema_id": 172, "movie_id": 9457, "hall_id": 520, "session_type": 1, "lang_id": 1, "lang_label": "\u0440\u0443\u0441", "is_3_d": false, "is_ap": false, "adult": 2100, "child": 0, "student": 1400, "vip": 0, "session_date": "2021-12-04T00:00:00Z", "session_date_tz": "2021-12-04T23:20:00Z", "is_atmos": false, "is_reald": false, "hour": "23", "minutes": "20", "is_atmos3d": false, "is_imax": false, "is_fdx": false, "session_id": 649864, "provider_link": null, "sub_session_type": 0}, "hall": {"id": 520, "cinema_id": 172, "name": "\u0417\u0430\u043b 6", "name_parser": "6", "color": "#ffb048", "imax": false, "fdx": false, "laser": false, "state": true, "hall_order": 6, "provider_id": 6504}}, {"session": {"id": 1121038, "cinema_id": 172, "movie_id": 9457, "hall_id": 515, "session_type": 1, "lang_id": 1, "lang_label": "\u0440\u0443\u0441", "is_3_d": false, "is_ap": false, "adult": 1200, "child": 0, "student": 800, "vip": 0, "session_date": "2021-12-05T00:00:00Z", "session_date_tz": "2021-12-05T00:00:00Z", "is_atmos": false, "is_reald": false, "hour": "00", "minutes": "00", "is_atmos3d": false, "is_imax": false, "is_fdx": false, "session_id": 649867, "provider_link": null, "sub_session_type": 0}, "hall": {"id": 515, "cinema_id": 172, "name": "\u0417\u0430\u043b 1", "name_parser": "1", "color": "#0000ff", "imax": false, "fdx": false, "laser": false, "state": true, "hall_order": 1, "provider_id": 6499}}]}, {"movie": {"id": 9438, "name_rus": "\u041a\u043e\u0440\u043e\u043b\u044c \u0420\u0438\u0447\u0430\u0440\u0434", "name_origin": "King Richard", "presentation": "\u0424\u0418\u041b\u042c\u041c \u0414\u0415\u041c\u041e\u041d\u0421\u0422\u0420\u0418\u0420\u0423\u0415\u0422\u0421\u042f \u041d\u0410 \u0410\u041d\u0413\u041b\u0418\u0419\u0421\u041a\u041e\u041c \u0418\u041b\u0418 \u0420\u0423\u0421\u0421\u041a\u041e\u041c \u042f\u0417\u042b\u041a\u0415, \u0421\u041c\u041e\u0422\u0420\u0418\u0422\u0415 \u041e\u0411\u041e\u0417\u041d\u0410\u0427\u0415\u041d\u0418\u0415 \u0412 \u042f\u0417\u042b\u041a\u041e\u0412\u041e\u041c \u0421\u0422\u041e\u041b\u0411\u0426\u0415 \u0418 \u0423\u0422\u041e\u0427\u041d\u042f\u0419\u0422\u0415 \u0412 \u041a\u0418\u041d\u041e\u0422\u0415\u0410\u0422\u0420\u0415.\n\u0420\u0438\u0447\u0430\u0440\u0434 \u0423\u0438\u043b\u044c\u044f\u043c\u0441 \u2014 \u043e\u0442\u0435\u0446 \u0442\u0435\u043d\u043d\u0438\u0441\u0438\u0441\u0442\u043e\u043a \u0421\u0435\u0440\u0435\u043d\u044b \u0438 \u0412\u0438\u043d\u0443\u0441 \u0423\u0438\u043b\u044c\u044f\u043c\u0441. \u0421\u0430\u043c \u043e\u043d \u043f\u0440\u0430\u043a\u0442\u0438\u0447\u0435\u0441\u043a\u0438 \u043d\u0438\u043a\u043e\u0433\u0434\u0430 \u043d\u0435 \u0438\u0433\u0440\u0430\u043b \u0432 \u0442\u0435\u043d\u043d\u0438\u0441 \u0438 \u043c\u0430\u043b\u043e \u043f\u043e\u043d\u0438\u043c\u0430\u043b \u0432 \u0442\u0440\u0435\u043d\u0438\u0440\u043e\u0432\u043a\u0435 \u043f\u0440\u043e\u0444\u0435\u0441\u0441\u0438\u043e\u043d\u0430\u043b\u044c\u043d\u044b\u0445 \u0442\u0435\u043d\u043d\u0438\u0441\u0438\u0441\u0442\u043e\u0432. \u041e\u043d \u043f\u043b\u0430\u043d\u0438\u0440\u043e\u0432\u0430\u043b \u0442\u0440\u0435\u043d\u0438\u0440\u043e\u0432\u0430\u0442\u044c \u0432\u0441\u0435\u0445 \u0434\u043e\u0447\u0435\u0440\u0435\u0439,", "rating": 9.04, "rating_state": true, "age_restriction": 12, "genre": "", "small_poster": "https://cdn.kino.kz/movies/King_Richard/p168x242.jpg", "genres": null, "posters": {"p1000x1100": "", "p258x372": "", "p1200x1730": "https://cdn.kino.kz/movies/King_Richard/p1200x1730.jpg", "p1192x597": "https://cdn.kino.kz/movies/King_Richard/p1192x597.jpg", "p168x242": "https://cdn.kino.kz/movies/King_Richard/p168x242.jpg", "p80x116": "https://cdn.kino.kz/movies/King_Richard/p80x116.jpg", "p120x172": "https://cdn.kino.kz/movies/King_Richard/p120x172.jpg", "p164x236": "https://cdn.kino.kz/movies/King_Richard/p164x236.jpg", "p62x88": "https://cdn.kino.kz/movies/King_Richard/p62x88.jpg", "p344x489": "https://cdn.kino.kz/movies/King_Richard/p344x489.jpg", "p181x91": "https://cdn.kino.kz/movies/King_Richard/p181x91.jpg", "p768x385": "https://cdn.kino.kz/movies/King_Richard/p768x385.jpg", "p150x75": "https://cdn.kino.kz/movies/King_Richard/p150x75.jpg", "p599x300": "https://cdn.kino.kz/movies/King_Richard/p599x300.jpg", "p279x157": "https://cdn.kino.kz/movies/King_Richard/p279x157.jpg"}}, "items": [{"session": {"id": 1121022, "cinema_id": 172, "movie_id": 9438, "hall_id": 520, "session_type": 1, "lang_id": 1, "lang_label": "\u0440\u0443\u0441", "is_3_d": false, "is_ap": false, "adult": 1700, "child": 700, "student": 1200, "vip": 0, "session_date": "2021-12-04T00:00:00Z", "session_date_tz": "2021-12-04T17:40:00Z", "is_atmos": false, "is_reald": false, "hour": "17", "minutes": "40", "is_atmos3d": false, "is_imax": false, "is_fdx": false, "session_id": 649850, "provider_link": null, "sub_session_type": 0}, "hall": {"id": 520, "cinema_id": 172, "name": "\u0417\u0430\u043b 6", "name_parser": "6", "color": "#ffb048", "imax": false, "fdx": false, "laser": false, "state": true, "hall_order": 6, "provider_id": 6504}}, {"session": {"id": 1121029, "cinema_id": 172, "movie_id": 9438, "hall_id": 520, "session_type": 1, "lang_id": 1, "lang_label": "\u0440\u0443\u0441", "is_3_d": false, "is_ap": false, "adult": 2100, "child": 0, "student": 1400, "vip": 0, "session_date": "2021-12-04T00:00:00Z", "session_date_tz": "2021-12-04T20:30:00Z", "is_atmos": false, "is_reald": false, "hour": "20", "minutes": "30", "is_atmos3d": false, "is_imax": false, "is_fdx": false, "session_id": 649857, "provider_link": null, "sub_session_type": 0}, "hall": {"id": 520, "cinema_id": 172, "name": "\u0417\u0430\u043b 6", "name_parser": "6", "color": "#ffb048", "imax": false, "fdx": false, "laser": false, "state": true, "hall_order": 6, "provider_id": 6504}}, {"session": {"id": 1121035, "cinema_id": 172, "movie_id": 9438, "hall_id": 517, "session_type": 1, "lang_id": 1, "lang_label": "\u0440\u0443\u0441", "is_3_d": false, "is_ap": false, "adult": 2100, "child": 0, "student": 1400, "vip": 0, "session_date": "2021-12-04T00:00:00Z", "session_date_tz": "2021-12-04T22:40:00Z", "is_atmos": false, "is_reald": false, "hour": "22", "minutes": "40", "is_atmos3d": false, "is_imax": false, "is_fdx": false, "session_id": 649863, "provider_link": null, "sub_session_type": 0}, "hall": {"id": 517, "cinema_id": 172, "name": "\u0417\u0430\u043b 3", "name_parser": "3", "color": "#ffff20", "imax": false, "fdx": false, "laser": false, "state": true, "hall_order": 3, "provider_id": 6501}}]}, {"movie": {"id": 9411, "name_rus": "\u0422\u043e\u0439\u0425\u0430\u043d\u0430", "name_origin": "ToyHana", "presentation": "\u0412 \u041a\u0430\u0437\u0430\u0445\u0441\u0442\u0430\u043d\u0435 \u0437\u0430\u043f\u0440\u0435\u0442\u0438\u043b\u0438 \u0432\u0441\u0435 \u0442\u043e\u0438. \u041d\u0438\u043a\u0430\u043a\u0438\u0445 \u0441\u0432\u0430\u0434\u0435\u0431, \u043a\u0443\u0434\u0430\u043b\u044b\u043a\u043e\u0432 \u0438 \u044e\u0431\u0438\u043b\u0435\u0435\u0432. \u0427\u0442\u043e \u0431\u0443\u0434\u0435\u0442 \u0441 \u043a\u0430\u0437\u0430\u0445\u0441\u0442\u0430\u043d\u0441\u043a\u0438\u043c\u0438 \u0437\u0432\u0435\u0437\u0434\u0430\u043c\u0438? \u0427\u0442\u043e \u0431\u0443\u0434\u0435\u0442 \u0441\u043e \u0432\u0441\u0435\u043c\u0438 \u043d\u0430\u043c\u0438?", "rating": 7.5, "rating_state": true, "age_restriction": 12, "genre": "", "small_poster": "https://cdn.kino.kz/movies/ToyHana/p168x242.jpg", "genres": null, "posters": {"p1000x1100": "", "p258x372": "", "p1200x1730": "https://cdn.kino.kz/movies/ToyHana/p1200x1730.jpg", "p1192x597": "https://cdn.kino.kz/movies/ToyHana/p1192x597.jpg", "p168x242": "https://cdn.kino.kz/movies/ToyHana/p168x242.jpg", "p80x116": "https://cdn.kino.kz/movies/ToyHana/p80x116.jpg", "p120x172": "https://cdn.kino.kz/movies/ToyHana/p120x172.jpg", "p164x236": "https://cdn.kino.kz/movies/ToyHana/p164x236.jpg", "p62x88": "https://cdn.kino.kz/movies/ToyHana/p62x88.jpg", "p344x489": "https://cdn.kino.kz/movies/ToyHana/p344x489.jpg", "p181x91": "https://cdn.kino.kz/movies/ToyHana/p181x91.jpg", "p768x385": "https://cdn.kino.kz/movies/ToyHana/p768x385.jpg", "p150x75": "https://cdn.kino.kz/movies/ToyHana/p150x75.jpg", "p599x300": "https://cdn.kino.kz/movies/ToyHana/p599x300.jpg", "p279x157": "https://cdn.kino.kz/movies/ToyHana/p279x157.jpg"}}, "items": [{"session": {"id": 1121024, "cinema_id": 172, "movie_id": 9411, "hall_id": 518, "session_type": 1, "lang_id": 1, "lang_label": "\u0440\u0443\u0441", "is_3_d": false, "is_ap": false, "adult": 2100, "child": 700, "student": 1400, "vip": 0, "session_date": "2021-12-04T00:00:00Z", "session_date_tz": "2021-12-04T18:30:00Z", "is_atmos": false, "is_reald": false, "hour": "18", "minutes": "30", "is_atmos3d": false, "is_imax": false, "is_fdx": false, "session_id": 649852, "provider_link": null, "sub_session_type": 0}, "hall": {"id": 518, "cinema_id": 172, "name": "\u0417\u0430\u043b 4", "name_parser": "4", "color": "#ff0000", "imax": false, "fdx": false, "laser": false, "state": true, "hall_order": 4, "provider_id": 6502}}, {"session": {"id": 1121025, "cinema_id": 172, "movie_id": 9411, "hall_id": 516, "session_type": 1, "lang_id": 1, "lang_label": "\u0440\u0443\u0441", "is_3_d": false, "is_ap": false, "adult": 2100, "child": 700, "student": 1400, "vip": 0, "session_date": "2021-12-04T00:00:00Z", "session_date_tz": "2021-12-04T19:30:00Z", "is_atmos": false, "is_reald": false, "hour": "19", "minutes": "30", "is_atmos3d": false, "is_imax": false, "is_fdx": false, "session_id": 649853, "provider_link": null, "sub_session_type": 0}, "hall": {"id": 516, "cinema_id": 172, "name": "\u0417\u0430\u043b 2", "name_parser": "2", "color": "#00a30a", "imax": false, "fdx": false, "laser": false, "state": true, "hall_order": 2, "provider_id": 6500}}, {"session": {"id": 1121028, "cinema_id": 172, "movie_id": 9411, "hall_id": 518, "session_type": 1, "lang_id": 1, "lang_label": "\u0440\u0443\u0441", "is_3_d": false, "is_ap": false, "adult": 2100, "child": 0, "student": 1400, "vip": 0, "session_date": "2021-12-04T00:00:00Z", "session_date_tz": "2021-12-04T20:20:00Z", "is_atmos": false, "is_reald": false, "hour": "20", "minutes": "20", "is_atmos3d": false, "is_imax": false, "is_fdx": false, "session_id": 649856, "provider_link": null, "sub_session_type": 0}, "hall": {"id": 518, "cinema_id": 172, "name": "\u0417\u0430\u043b 4", "name_parser": "4", "color": "#ff0000", "imax": false, "fdx": false, "laser": false, "state": true, "hall_order": 4, "provider_id": 6502}}, {"session": {"id": 1121034, "cinema_id": 172, "movie_id": 9411, "hall_id": 518, "session_type": 1, "lang_id": 1, "lang_label": "\u0440\u0443\u0441", "is_3_d": false, "is_ap": false, "adult": 2100, "child": 0, "student": 1400, "vip": 0, "session_date": "2021-12-04T00:00:00Z", "session_date_tz": "2021-12-04T22:10:00Z", "is_atmos": false, "is_reald": false, "hour": "22", "minutes": "10", "is_atmos3d": false, "is_imax": false, "is_fdx": false, "session_id": 649862, "provider_link": null, "sub_session_type": 0}, "hall": {"id": 518, "cinema_id": 172, "name": "\u0417\u0430\u043b 4", "name_parser": "4", "color": "#ff0000", "imax": false, "fdx": false, "laser": false, "state": true, "hall_order": 4, "provider_id": 6502}}, {"session": {"id": 1121037, "cinema_id": 172, "movie_id": 9411, "hall_id": 519, "session_type": 1, "lang_id": 1, "lang_label": "\u0440\u0443\u0441", "is_3_d": false, "is_ap": false, "adult": 2100, "child": 0, "student": 1400, "vip": 0, "session_date": "2021-12-04T00:00:00Z", "session_date_tz": "2021-12-04T23:50:00Z", "is_atmos": false, "is_reald": false, "hour": "23", "minutes": "50", "is_atmos3d": false, "is_imax": false, "is_fdx": false, "session_id": 649866, "provider_link": null, "sub_session_type": 0}, "hall": {"id": 519, "cinema_id": 172, "name": "\u0417\u0430\u043b 5", "name_parser": "5", "color": "#d600f3", "imax": false, "fdx": false, "laser": false, "state": true, "hall_order": 5, "provider_id": 6503}}]}, {"movie": {"id": 9462, "name_rus": "\u0411\u043e\u043a\u0441\u0435\u0440", "name_origin": "Bokser", "presentation": "\u0424\u0418\u041b\u042c\u041c \u041c\u041e\u0416\u0415\u0422 \u0414\u0415\u041c\u041e\u041d\u0421\u0422\u0420\u0418\u0420\u041e\u0412\u0410\u0422\u042c\u0421\u042f \u041d\u0410 \u0420\u0410\u0417\u041d\u042b\u0425 \u042f\u0417\u042b\u041a\u0410\u0425, \u0421\u041c\u041e\u0422\u0420\u0418\u0422\u0415 \u041e\u0411\u041e\u0417\u041d\u0410\u0427\u0415\u041d\u0418\u0415 \u0412 \u042f\u0417\u042b\u041a\u041e\u0412\u041e\u041c \u0421\u0422\u041e\u041b\u0411\u0426\u0415 \u0418 \u0423\u0422\u041e\u0427\u041d\u042f\u0419\u0422\u0415 \u0412 \u041a\u0418\u041d\u041e\u0422\u0415\u0410\u0422\u0420\u0415! \n\u0424\u0438\u043b\u044c\u043c \u043e\u0441\u043d\u043e\u0432\u0430\u043d \u043d\u0430 \u0440\u0435\u0430\u043b\u044c\u043d\u043e\u0439 \u0438\u0441\u0442\u043e\u0440\u0438\u0438 \u0431\u043e\u043a\u0441\u0435\u0440\u0430 \u0421\u0435\u0440\u0438\u043a\u0430 \u0421\u0430\u043f\u0438\u0435\u0432\u0430 - \u043c\u043d\u043e\u0433\u043e\u043a\u0440\u0430\u0442\u043d\u043e\u0433\u043e \u0447\u0435\u043c\u043f\u0438\u043e\u043d\u0430 \u041a\u0430\u0437\u0430\u0445\u0441\u0442\u0430\u043d\u0430, \u0434\u0432\u0443\u043a\u0440\u0430\u0442\u043d\u043e\u0433\u043e \u0447\u0435\u043c\u043f\u0438\u043e\u043d\u0430 \u043c\u0438\u0440\u0430 \u043f\u043e \u0431\u043e\u043a\u0441\u0443, \u043a\u043e\u0442\u043e\u0440\u044b\u0439 \u043c\u0435\u0447\u0442\u0430\u0435\u0442 \u0437\u0430\u0432\u043e\u0435\u0432\u0430\u0442\u044c \u041e\u043b\u0438\u043c\u043f\u0438\u0439\u0441\u043a\u043e\u0435 \u0437\u043e\u043b\u043e\u0442\u043e.", "rating": 6.75, "rating_state": true, "age_restriction": 12, "genre": "", "small_poster": "https://cdn.kino.kz/movies/Bokser/p168x242.jpg", "genres": null, "posters": {"p1000x1100": "", "p258x372": "", "p1200x1730": "https://cdn.kino.kz/movies/Bokser/p1200x1730.jpg", "p1192x597": "https://cdn.kino.kz/movies/Bokser/p1192x597.jpg", "p168x242": "https://cdn.kino.kz/movies/Bokser/p168x242.jpg", "p80x116": "https://cdn.kino.kz/movies/Bokser/p80x116.jpg", "p120x172": "https://cdn.kino.kz/movies/Bokser/p120x172.jpg", "p164x236": "https://cdn.kino.kz/movies/Bokser/p164x236.jpg", "p62x88": "https://cdn.kino.kz/movies/Bokser/p62x88.jpg", "p344x489": "https://cdn.kino.kz/movies/Bokser/p344x489.jpg", "p181x91": "https://cdn.kino.kz/movies/Bokser/p181x91.jpg", "p768x385": "https://cdn.kino.kz/movies/Bokser/p768x385.jpg", "p150x75": "https://cdn.kino.kz/movies/Bokser/p150x75.jpg", "p599x300": "https://cdn.kino.kz/movies/Bokser/p599x300.jpg", "p279x157": "https://cdn.kino.kz/movies/Bokser/p279x157.jpg"}}, "items": [{"session": {"id": 1121031, "cinema_id": 172, "movie_id": 9462, "hall_id": 516, "session_type": 1, "lang_id": 1, "lang_label": "\u0440\u0443\u0441", "is_3_d": false, "is_ap": false, "adult": 2100, "child": 0, "student": 1400, "vip": 0, "session_date": "2021-12-04T00:00:00Z", "session_date_tz": "2021-12-04T21:30:00Z", "is_atmos": false, "is_reald": false, "hour": "21", "minutes": "30", "is_atmos3d": false, "is_imax": false, "is_fdx": false, "session_id": 649859, "provider_link": null, "sub_session_type": 0}, "hall": {"id": 516, "cinema_id": 172, "name": "\u0417\u0430\u043b 2", "name_parser": "2", "color": "#00a30a", "imax": false, "fdx": false, "laser": false, "state": true, "hall_order": 2, "provider_id": 6500}}, {"session": {"id": 1121040, "cinema_id": 172, "movie_id": 9462, "hall_id": 516, "session_type": 1, "lang_id": 1, "lang_label": "\u0440\u0443\u0441", "is_3_d": false, "is_ap": false, "adult": 2100, "child": 0, "student": 1400, "vip": 0, "session_date": "2021-12-04T00:00:00Z", "session_date_tz": "2021-12-04T23:30:00Z", "is_atmos": false, "is_reald": false, "hour": "23", "minutes": "30", "is_atmos3d": false, "is_imax": false, "is_fdx": false, "session_id": 649865, "provider_link": null, "sub_session_type": 0}, "hall": {"id": 516, "cinema_id": 172, "name": "\u0417\u0430\u043b 2", "name_parser": "2", "color": "#00a30a", "imax": false, "fdx": false, "laser": false, "state": true, "hall_order": 2, "provider_id": 6500}}]}, {"movie": {"id": 9440, "name_rus": "\u041c\u0435\u0441\u0442\u044c \u0437\u0435\u043c\u043b\u0438", "name_origin": "Feng bao", "presentation": "\u041f\u043e\u0434 \u0432\u043e\u0437\u0434\u0435\u0439\u0441\u0442\u0432\u0438\u0435\u043c \u0433\u043b\u043e\u0431\u0430\u043b\u044c\u043d\u044b\u0445 \u0433\u0435\u043e\u043b\u043e\u0433\u0438\u0447\u0435\u0441\u043a\u0438\u0445 \u0438\u0437\u043c\u0435\u043d\u0435\u043d\u0438\u0439 \u043d\u0430\u0434\u0432\u0438\u0433\u0430\u0435\u0442\u0441\u044f \u0441\u0435\u0440\u0438\u044f \u0433\u0435\u043e\u043b\u043e\u0433\u0438\u0447\u0435\u0441\u043a\u0438\u0445 \u043a\u0430\u0442\u0430\u0441\u0442\u0440\u043e\u0444. \u0417\u0435\u043c\u043b\u0435\u0442\u0440\u044f\u0441\u0435\u043d\u0438\u044f, \u043e\u043f\u043e\u043b\u0437\u043d\u0438, \u0441\u0435\u043b\u0438, \u043f\u0440\u043e\u0432\u0430\u043b\u044b \u0432 \u0437\u0435\u043c\u043b\u0435 \u0443\u0433\u0440\u043e\u0436\u0430\u044e\u0442 \u0436\u0438\u0437\u043d\u0438 \u043f\u0440\u043e\u0441\u0442\u044b\u0445 \u0433\u0440\u0430\u0436\u0434\u0430\u043d. \u0422\u0430\u043a\u0436\u0435 \u044d\u0442\u043e \u043c\u043e\u0436\u0435\u0442 \u0437\u0430\u0442\u0440\u043e\u043d\u0443\u0442\u044c \u0442\u0443\u043d\u043d\u0435\u043b\u044c, \u043a\u043e\u0442\u043e\u0440\u044b\u0439 \u0432\u043e\u0437\u0432\u043e\u0434\u0438\u043b\u0438 \u043f\u043e\u0441\u043b\u0435\u0434\u043d\u0438\u0435 10 \u043b\u0435\u0442.", "rating": 6.41, "rating_state": true, "age_restriction": 16, "genre": "", "small_poster": "https://cdn.kino.kz/movies/Feng_bao/p168x242.jpg", "genres": null, "posters": {"p1000x1100": "", "p258x372": "", "p1200x1730": "https://cdn.kino.kz/movies/Feng_bao/p1200x1730.jpg", "p1192x597": "https://cdn.kino.kz/movies/Feng_bao/p1192x597.jpg", "p168x242": "https://cdn.kino.kz/movies/Feng_bao/p168x242.jpg", "p80x116": "https://cdn.kino.kz/movies/Feng_bao/p80x116.jpg", "p120x172": "https://cdn.kino.kz/movies/Feng_bao/p120x172.jpg", "p164x236": "https://cdn.kino.kz/movies/Feng_bao/p164x236.jpg", "p62x88": "https://cdn.kino.kz/movies/Feng_bao/p62x88.jpg", "p344x489": "https://cdn.kino.kz/movies/Feng_bao/p344x489.jpg", "p181x91": "https://cdn.kino.kz/movies/Feng_bao/p181x91.jpg", "p768x385": "https://cdn.kino.kz/movies/Feng_bao/p768x385.jpg", "p150x75": "https://cdn.kino.kz/movies/Feng_bao/p150x75.jpg", "p599x300": "https://cdn.kino.kz/movies/Feng_bao/p599x300.jpg", "p279x157": "https://cdn.kino.kz/movies/Feng_bao/p279x157.jpg"}}, "items": [{"session": {"id": 1121039, "cinema_id": 172, "movie_id": 9440, "hall_id": 518, "session_type": 1, "lang_id": 1, "lang_label": "\u0440\u0443\u0441", "is_3_d": false, "is_ap": false, "adult": 1200, "child": 0, "student": 800, "vip": 0, "session_date": "2021-12-05T00:00:00Z", "session_date_tz": "2021-12-05T00:00:00Z", "is_atmos": false, "is_reald": false, "hour": "00", "minutes": "00", "is_atmos3d": false, "is_imax": false, "is_fdx": false, "session_id": 649868, "provider_link": null, "sub_session_type": 0}, "hall": {"id": 518, "cinema_id": 172, "name": "\u0417\u0430\u043b 4", "name_parser": "4", "color": "#ff0000", "imax": false, "fdx": false, "laser": false, "state": true, "hall_order": 4, "provider_id": 6502}}]}], "available_dates": ["2021-12-04", "2021-12-05"]}, "status": true}